epoch,time,train/box_loss,train/cls_loss,train/l1_loss,metrics/precision(B),metrics/recall(B),metrics/mAP50(B),metrics/mAP50-95(B),val/box_loss,val/cls_loss,val/l1_loss,lr/pg0,lr/pg1,lr/pg2,lr/pg3,lr/pg4,lr/pg5,lr/pg6,lr/pg7
1,1170.69,2.88783,5.67366,0.03094,0.39808,0.03652,0.01846,0.00844,2.14042,4.18011,0.02546,0.00999865,0.00333288,0.00999865,0.00333288,0.00999865,0.00333288,0.00999865,0.00333288
2,2238.78,2.00069,3.75366,0.01755,0.31675,0.1222,0.08732,0.04893,1.86715,3.12226,0.02081,0.0198007,0.00660022,0.0198007,0.00660022,0.0198007,0.00660022,0.0198007,0.00660022
3,3269.26,1.88067,3.26986,0.01576,0.34793,0.17769,0.14379,0.08673,1.74023,2.7825,0.01882,0.0294047,0.00980156,0.0294047,0.00980156,0.0294047,0.00980156,0.0294047,0.00980156
4,4280,1.79763,3.03839,0.01471,0.34454,0.21319,0.18518,0.1163,1.6579,2.58231,0.01733,0.029109,0.009703,0.029109,0.009703,0.029109,0.009703,0.029109,0.009703
5,5290.56,1.73068,2.85417,0.01367,0.39234,0.23225,0.21333,0.13711,1.61,2.46266,0.01647,0.028812,0.009604,0.028812,0.009604,0.028812,0.009604,0.028812,0.009604
6,6311.56,1.69042,2.75202,0.0132,0.40909,0.24951,0.23284,0.15101,1.58484,2.39488,0.01607,0.028515,0.009505,0.028515,0.009505,0.028515,0.009505,0.028515,0.009505
7,7336.75,1.65745,2.68095,0.01285,0.43002,0.25353,0.2438,0.15939,1.57005,2.35816,0.01581,0.028218,0.009406,0.028218,0.009406,0.028218,0.009406,0.028218,0.009406
8,8357.72,1.64618,2.61777,0.01269,0.42722,0.25882,0.25108,0.16461,1.55858,2.33765,0.0156,0.027921,0.009307,0.027921,0.009307,0.027921,0.009307,0.027921,0.009307
9,9399.59,1.6243,2.57062,0.01247,0.43827,0.26127,0.25618,0.16916,1.54993,2.32585,0.01546,0.027624,0.009208,0.027624,0.009208,0.027624,0.009208,0.027624,0.009208
10,10429.6,1.62497,2.53612,0.01212,0.4491,0.2625,0.26184,0.1734,1.54201,2.31665,0.01534,0.027327,0.009109,0.027327,0.009109,0.027327,0.009109,0.027327,0.009109
11,11449.4,1.60968,2.50656,0.01209,0.45371,0.26588,0.26675,0.17694,1.53667,2.30619,0.01526,0.02703,0.00901,0.02703,0.00901,0.02703,0.00901,0.02703,0.00901
12,12502,1.60918,2.49495,0.01203,0.46649,0.26675,0.27205,0.18072,1.52883,2.29857,0.01512,0.026733,0.008911,0.026733,0.008911,0.026733,0.008911,0.026733,0.008911
13,13532.3,1.59745,2.47042,0.01194,0.46804,0.27046,0.27892,0.18564,1.52242,2.28505,0.01503,0.026436,0.008812,0.026436,0.008812,0.026436,0.008812,0.026436,0.008812
14,14563.4,1.58644,2.44732,0.01186,0.48278,0.27444,0.28442,0.19,1.51429,2.27293,0.0149,0.026139,0.008713,0.026139,0.008713,0.026139,0.008713,0.026139,0.008713
15,15591.9,1.57654,2.43739,0.01192,0.48749,0.27844,0.28975,0.19368,1.50652,2.25916,0.01478,0.025842,0.008614,0.025842,0.008614,0.025842,0.008614,0.025842,0.008614
16,16607.6,1.5822,2.42852,0.01188,0.49047,0.28385,0.29536,0.19819,1.50004,2.23907,0.01469,0.025545,0.008515,0.025545,0.008515,0.025545,0.008515,0.025545,0.008515
17,17633.7,1.57759,2.41301,0.01177,0.50037,0.28717,0.30148,0.20257,1.49183,2.21974,0.01455,0.025248,0.008416,0.025248,0.008416,0.025248,0.008416,0.025248,0.008416
18,18660.4,1.56944,2.40404,0.01172,0.49811,0.29477,0.30719,0.20652,1.48562,2.1983,0.01444,0.024951,0.008317,0.024951,0.008317,0.024951,0.008317,0.024951,0.008317
19,19685.5,1.56377,2.3983,0.01166,0.50157,0.29891,0.3128,0.21084,1.47964,2.17744,0.01433,0.024654,0.008218,0.024654,0.008218,0.024654,0.008218,0.024654,0.008218
20,20719.3,1.56333,2.37109,0.0116,0.51515,0.3031,0.31913,0.21565,1.47273,2.15782,0.0142,0.024357,0.008119,0.024357,0.008119,0.024357,0.008119,0.024357,0.008119
21,21750.6,1.55466,2.37457,0.01157,0.51852,0.30725,0.32432,0.21959,1.4679,2.13586,0.01412,0.02406,0.00802,0.02406,0.00802,0.02406,0.00802,0.02406,0.00802
22,22786.4,1.54715,2.35192,0.01159,0.52061,0.30954,0.32914,0.22299,1.46148,2.11905,0.01399,0.023763,0.007921,0.023763,0.007921,0.023763,0.007921,0.023763,0.007921
23,23830.2,1.54524,2.35513,0.01143,0.52788,0.31195,0.3341,0.22677,1.45688,2.09943,0.01392,0.023466,0.007822,0.023466,0.007822,0.023466,0.007822,0.023466,0.007822
24,24886,1.54027,2.31631,0.01146,0.51924,0.31637,0.33903,0.23032,1.45318,2.0797,0.01389,0.023169,0.007723,0.023169,0.007723,0.023169,0.007723,0.023169,0.007723
25,25932,1.54628,2.32923,0.01144,0.5188,0.32286,0.3429,0.23367,1.44975,2.06154,0.01384,0.022872,0.007624,0.022872,0.007624,0.022872,0.007624,0.022872,0.007624
26,26972.2,1.54727,2.33061,0.01142,0.52353,0.32653,0.34745,0.23664,1.44464,2.04739,0.01376,0.022575,0.007525,0.022575,0.007525,0.022575,0.007525,0.022575,0.007525
27,28003.1,1.55484,2.33522,0.0114,0.52018,0.32933,0.35037,0.23906,1.4402,2.03322,0.01369,0.022278,0.007426,0.022278,0.007426,0.022278,0.007426,0.022278,0.007426
28,29058.6,1.54177,2.30525,0.01142,0.52471,0.33223,0.35437,0.24207,1.4374,2.01838,0.01364,0.021981,0.007327,0.021981,0.007327,0.021981,0.007327,0.021981,0.007327
29,30093.1,1.53843,2.32048,0.01139,0.5214,0.33712,0.35779,0.24439,1.4358,2.00165,0.01362,0.021684,0.007228,0.021684,0.007228,0.021684,0.007228,0.021684,0.007228
30,31153.8,1.54005,2.30528,0.01144,0.52351,0.34017,0.36084,0.24654,1.43226,1.991,0.01355,0.021387,0.007129,0.021387,0.007129,0.021387,0.007129,0.021387,0.007129
31,32196.7,1.52727,2.28601,0.01121,0.52494,0.34173,0.36395,0.24873,1.43045,1.97638,0.01353,0.02109,0.00703,0.02109,0.00703,0.02109,0.00703,0.02109,0.00703
32,33243.6,1.51788,2.27932,0.01132,0.52222,0.3449,0.36614,0.25043,1.42835,1.96418,0.01351,0.020793,0.006931,0.020793,0.006931,0.020793,0.006931,0.020793,0.006931
33,34296.9,1.53249,2.28884,0.01124,0.52644,0.34598,0.36961,0.25299,1.42668,1.95298,0.01349,0.020496,0.006832,0.020496,0.006832,0.020496,0.006832,0.020496,0.006832
34,35335.9,1.53043,2.28136,0.01128,0.52564,0.34743,0.37154,0.2545,1.42254,1.94474,0.01341,0.020199,0.006733,0.020199,0.006733,0.020199,0.006733,0.020199,0.006733
35,36413.6,1.53167,2.28017,0.01126,0.52674,0.35165,0.3737,0.25622,1.42011,1.9373,0.01335,0.019902,0.006634,0.019902,0.006634,0.019902,0.006634,0.019902,0.006634
36,37456.6,1.52724,2.2585,0.01117,0.5242,0.35516,0.37756,0.25895,1.41855,1.92894,0.01334,0.019605,0.006535,0.019605,0.006535,0.019605,0.006535,0.019605,0.006535
37,38495.9,1.51428,2.2666,0.01117,0.52334,0.35629,0.37853,0.2598,1.41739,1.9217,0.01332,0.019308,0.006436,0.019308,0.006436,0.019308,0.006436,0.019308,0.006436
38,39540,1.52188,2.24612,0.01124,0.52872,0.35806,0.38085,0.26146,1.41613,1.91518,0.01331,0.019011,0.006337,0.019011,0.006337,0.019011,0.006337,0.019011,0.006337
39,40595.5,1.50235,2.23523,0.01111,0.53362,0.35998,0.38333,0.26333,1.41555,1.9075,0.0133,0.018714,0.006238,0.018714,0.006238,0.018714,0.006238,0.018714,0.006238
40,41634.3,1.51492,2.23539,0.01104,0.53095,0.36434,0.38439,0.26436,1.41324,1.90107,0.01325,0.018417,0.006139,0.018417,0.006139,0.018417,0.006139,0.018417,0.006139
41,42670.9,1.52488,2.23033,0.01105,0.53836,0.36327,0.38668,0.26586,1.41071,1.89531,0.01323,0.01812,0.00604,0.01812,0.00604,0.01812,0.00604,0.01812,0.00604
42,43716.6,1.52478,2.23745,0.01103,0.53807,0.36369,0.38815,0.26703,1.4099,1.88796,0.01323,0.017823,0.005941,0.017823,0.005941,0.017823,0.005941,0.017823,0.005941
43,44786,1.51339,2.22888,0.01089,0.53081,0.36793,0.38938,0.26804,1.40932,1.88218,0.01321,0.017526,0.005842,0.017526,0.005842,0.017526,0.005842,0.017526,0.005842
44,45833,1.50124,2.21543,0.01093,0.52938,0.37135,0.39126,0.26949,1.4065,1.87844,0.01315,0.017229,0.005743,0.017229,0.005743,0.017229,0.005743,0.017229,0.005743
45,46868.9,1.50738,2.21661,0.01087,0.52891,0.377,0.39331,0.2709,1.40468,1.87353,0.01312,0.016932,0.005644,0.016932,0.005644,0.016932,0.005644,0.016932,0.005644
46,47905.4,1.52148,2.2129,0.01083,0.52852,0.378,0.39518,0.27208,1.402,1.86934,0.01308,0.016635,0.005545,0.016635,0.005545,0.016635,0.005545,0.016635,0.005545
47,48945.3,1.50781,2.21012,0.01099,0.53581,0.37735,0.39754,0.27381,1.39886,1.86544,0.01303,0.016338,0.005446,0.016338,0.005446,0.016338,0.005446,0.016338,0.005446
48,49984.7,1.50821,2.192,0.0108,0.53696,0.37911,0.39879,0.27536,1.39686,1.86002,0.01301,0.016041,0.005347,0.016041,0.005347,0.016041,0.005347,0.016041,0.005347
49,51027.7,1.50272,2.19781,0.01078,0.53925,0.38068,0.40156,0.27754,1.39509,1.8545,0.01299,0.015744,0.005248,0.015744,0.005248,0.015744,0.005248,0.015744,0.005248
50,52064,1.49372,2.19095,0.01081,0.53687,0.38379,0.40291,0.27888,1.39461,1.84821,0.013,0.015447,0.005149,0.015447,0.005149,0.015447,0.005149,0.015447,0.005149
51,53105.5,1.50233,2.19218,0.01081,0.54018,0.38267,0.40422,0.2796,1.39447,1.84198,0.01302,0.01515,0.00505,0.01515,0.00505,0.01515,0.00505,0.01515,0.00505
52,54160.4,1.49594,2.1881,0.01087,0.54236,0.3829,0.40586,0.28067,1.39237,1.83855,0.01299,0.014853,0.004951,0.014853,0.004951,0.014853,0.004951,0.014853,0.004951
53,55230.7,1.49512,2.16879,0.01064,0.5441,0.38475,0.40663,0.28093,1.3917,1.83288,0.01297,0.014556,0.004852,0.014556,0.004852,0.014556,0.004852,0.014556,0.004852
54,56330,1.49167,2.16321,0.01075,0.5437,0.38456,0.40731,0.28155,1.39003,1.83035,0.01294,0.014259,0.004753,0.014259,0.004753,0.014259,0.004753,0.014259,0.004753
55,57406.6,1.4865,2.15633,0.01069,0.54511,0.38642,0.40794,0.28197,1.38868,1.82695,0.01291,0.013962,0.004654,0.013962,0.004654,0.013962,0.004654,0.013962,0.004654
56,58463.3,1.48698,2.15417,0.01071,0.54305,0.38713,0.40942,0.28314,1.38696,1.82248,0.01289,0.013665,0.004555,0.013665,0.004555,0.013665,0.004555,0.013665,0.004555
57,59512.4,1.47759,2.15487,0.01069,0.54744,0.38703,0.41068,0.28427,1.38635,1.81674,0.01289,0.013368,0.004456,0.013368,0.004456,0.013368,0.004456,0.013368,0.004456
58,60571.7,1.47921,2.15173,0.01074,0.54998,0.38904,0.4126,0.28516,1.38476,1.81293,0.01284,0.013071,0.004357,0.013071,0.004357,0.013071,0.004357,0.013071,0.004357
59,61613,1.4794,2.14325,0.01062,0.55523,0.38824,0.41463,0.28681,1.38254,1.80739,0.01281,0.012774,0.004258,0.012774,0.004258,0.012774,0.004258,0.012774,0.004258
60,62654.9,1.48327,2.13465,0.01045,0.55602,0.38958,0.41637,0.28804,1.38142,1.80238,0.01279,0.012477,0.004159,0.012477,0.004159,0.012477,0.004159,0.012477,0.004159
61,63700.4,1.47289,2.12084,0.01039,0.55328,0.39324,0.41806,0.28918,1.38148,1.79702,0.01279,0.01218,0.00406,0.01218,0.00406,0.01218,0.00406,0.01218,0.00406
62,64749.8,1.47204,2.11897,0.01043,0.56057,0.39061,0.41919,0.29063,1.379,1.79452,0.01275,0.011883,0.003961,0.011883,0.003961,0.011883,0.003961,0.011883,0.003961
63,65793.1,1.46961,2.10373,0.01045,0.55932,0.39335,0.42086,0.2918,1.37739,1.7898,0.01273,0.011586,0.003862,0.011586,0.003862,0.011586,0.003862,0.011586,0.003862
64,66867.6,1.46859,2.11679,0.01042,0.56064,0.39259,0.42175,0.29242,1.37508,1.78746,0.01269,0.011289,0.003763,0.011289,0.003763,0.011289,0.003763,0.011289,0.003763
65,67915.5,1.4741,2.10476,0.01048,0.56831,0.39231,0.42345,0.29387,1.37341,1.78363,0.01267,0.010992,0.003664,0.010992,0.003664,0.010992,0.003664,0.010992,0.003664
66,68988.8,1.46146,2.08768,0.01041,0.56037,0.39607,0.42395,0.29428,1.3728,1.77903,0.01266,0.010695,0.003565,0.010695,0.003565,0.010695,0.003565,0.010695,0.003565
67,70084.1,1.46507,2.09662,0.01036,0.56256,0.39738,0.42578,0.29543,1.37094,1.77724,0.01262,0.010398,0.003466,0.010398,0.003466,0.010398,0.003466,0.010398,0.003466
68,71128.4,1.46236,2.08061,0.01029,0.55447,0.40342,0.42691,0.29649,1.37001,1.77173,0.01261,0.010101,0.003367,0.010101,0.003367,0.010101,0.003367,0.010101,0.003367
69,72171.4,1.44444,2.08997,0.0104,0.55381,0.40706,0.42843,0.29779,1.36944,1.7679,0.01262,0.009804,0.003268,0.009804,0.003268,0.009804,0.003268,0.009804,0.003268
70,73206.9,1.46389,2.07814,0.01021,0.55909,0.40542,0.42923,0.29813,1.36933,1.76554,0.01262,0.009507,0.003169,0.009507,0.003169,0.009507,0.003169,0.009507,0.003169
71,74255.9,1.44634,2.05791,0.01021,0.56624,0.40247,0.42986,0.29917,1.36836,1.76112,0.01262,0.00921,0.00307,0.00921,0.00307,0.00921,0.00307,0.00921,0.00307
72,75312.4,1.44541,2.063,0.01031,0.56934,0.40263,0.43076,0.3001,1.36608,1.7591,0.01257,0.008913,0.002971,0.008913,0.002971,0.008913,0.002971,0.008913,0.002971
73,76371.7,1.44895,2.06446,0.01014,0.57354,0.40328,0.43215,0.30094,1.36519,1.75586,0.01256,0.008616,0.002872,0.008616,0.002872,0.008616,0.002872,0.008616,0.002872
74,77438.4,1.43275,2.02742,0.01018,0.56927,0.40462,0.43296,0.30154,1.36439,1.75229,0.01253,0.008319,0.002773,0.008319,0.002773,0.008319,0.002773,0.008319,0.002773
75,78521.2,1.44007,2.02342,0.01014,0.56622,0.40763,0.434,0.30204,1.36476,1.74668,0.01254,0.008022,0.002674,0.008022,0.002674,0.008022,0.002674,0.008022,0.002674
76,79573.5,1.43523,2.0193,0.01008,0.56007,0.41357,0.4351,0.30302,1.36279,1.74391,0.01252,0.007725,0.002575,0.007725,0.002575,0.007725,0.002575,0.007725,0.002575
77,80635.2,1.43508,2.01261,0.00996,0.55957,0.41439,0.43656,0.30387,1.36276,1.74175,0.01252,0.007428,0.002476,0.007428,0.002476,0.007428,0.002476,0.007428,0.002476
78,81738.1,1.43002,2.01893,0.01002,0.5651,0.4139,0.43829,0.30495,1.36034,1.7397,0.01249,0.007131,0.002377,0.007131,0.002377,0.007131,0.002377,0.007131,0.002377
79,82834.2,1.43673,2.01208,0.00999,0.56451,0.41577,0.43941,0.30605,1.35997,1.73364,0.01248,0.006834,0.002278,0.006834,0.002278,0.006834,0.002278,0.006834,0.002278
80,83845.5,1.42392,1.99254,0.00989,0.57051,0.41607,0.44075,0.30736,1.35737,1.72982,0.01243,0.006537,0.002179,0.006537,0.002179,0.006537,0.002179,0.006537,0.002179
81,84861.9,1.42557,1.98038,0.00986,0.57529,0.41433,0.44153,0.30787,1.35659,1.72656,0.01242,0.00624,0.00208,0.00624,0.00208,0.00624,0.00208,0.00624,0.00208
82,85881.5,1.42464,1.98748,0.00993,0.57422,0.41725,0.44274,0.30861,1.3547,1.72407,0.0124,0.005943,0.001981,0.005943,0.001981,0.005943,0.001981,0.005943,0.001981
83,86898.3,1.41786,1.98404,0.00977,0.58174,0.41464,0.44431,0.30971,1.35334,1.72091,0.01237,0.005646,0.001882,0.005646,0.001882,0.005646,0.001882,0.005646,0.001882
84,87904.2,1.41108,1.96205,0.00979,0.58193,0.41576,0.44506,0.31033,1.35247,1.71757,0.01237,0.005349,0.001783,0.005349,0.001783,0.005349,0.001783,0.005349,0.001783
85,88918.1,1.41398,1.95845,0.00975,0.58323,0.4168,0.44611,0.3112,1.35059,1.71375,0.01233,0.005052,0.001684,0.005052,0.001684,0.005052,0.001684,0.005052,0.001684
86,89923.7,1.40814,1.95053,0.00974,0.58512,0.41651,0.44683,0.31212,1.34989,1.70947,0.01231,0.004755,0.001585,0.004755,0.001585,0.004755,0.001585,0.004755,0.001585
87,90932.2,1.40803,1.93797,0.00957,0.58409,0.41983,0.449,0.31324,1.34845,1.70591,0.0123,0.004458,0.001486,0.004458,0.001486,0.004458,0.001486,0.004458,0.001486
88,91941.9,1.39363,1.92912,0.00956,0.57942,0.42169,0.44941,0.31383,1.34862,1.70249,0.0123,0.004161,0.001387,0.004161,0.001387,0.004161,0.001387,0.004161,0.001387
89,92945.9,1.40072,1.91638,0.00951,0.57805,0.42141,0.45004,0.31453,1.34676,1.70031,0.01227,0.003864,0.001288,0.003864,0.001288,0.003864,0.001288,0.003864,0.001288
90,93952.7,1.39048,1.90838,0.00943,0.58162,0.42377,0.4514,0.31558,1.34545,1.69705,0.01224,0.003567,0.001189,0.003567,0.001189,0.003567,0.001189,0.003567,0.001189
91,94938.3,1.37325,1.75272,0.01192,0.5843,0.4253,0.45284,0.31692,1.34398,1.69421,0.0122,0.00327,0.00109,0.00327,0.00109,0.00327,0.00109,0.00327,0.00109
92,95918,1.36472,1.72198,0.01169,0.58291,0.42697,0.45329,0.3175,1.3437,1.69109,0.0122,0.002973,0.000991,0.002973,0.000991,0.002973,0.000991,0.002973,0.000991
93,96900.2,1.35721,1.69428,0.01157,0.59106,0.42408,0.4548,0.31851,1.3432,1.68915,0.01218,0.002676,0.000892,0.002676,0.000892,0.002676,0.000892,0.002676,0.000892
94,97880.9,1.353,1.68613,0.01168,0.59086,0.42548,0.45589,0.31962,1.34294,1.68485,0.01217,0.002379,0.000793,0.002379,0.000793,0.002379,0.000793,0.002379,0.000793
95,98863.8,1.33877,1.65352,0.01142,0.5934,0.42563,0.45681,0.32056,1.34197,1.68442,0.01212,0.002082,0.000694,0.002082,0.000694,0.002082,0.000694,0.002082,0.000694
96,99839.3,1.33777,1.65408,0.01126,0.59441,0.42708,0.45765,0.32135,1.34241,1.68131,0.01212,0.001785,0.000595,0.001785,0.000595,0.001785,0.000595,0.001785,0.000595
97,100818,1.33819,1.63096,0.01113,0.59399,0.42702,0.4585,0.32191,1.34154,1.67949,0.01211,0.001488,0.000496,0.001488,0.000496,0.001488,0.000496,0.001488,0.000496
98,101798,1.31766,1.61217,0.01103,0.60061,0.42538,0.45955,0.32239,1.34123,1.67785,0.01212,0.001191,0.000397,0.001191,0.000397,0.001191,0.000397,0.001191,0.000397
99,102788,1.30876,1.58982,0.01085,0.59962,0.42775,0.46046,0.32287,1.34164,1.67497,0.01212,0.000894,0.000298,0.000894,0.000298,0.000894,0.000298,0.000894,0.000298
100,103765,1.30974,1.58212,0.01085,0.6052,0.42628,0.46075,0.32311,1.34142,1.67319,0.01212,0.000597,0.000199,0.000597,0.000199,0.000597,0.000199,0.000597,0.000199
